id,firstName,lastName,address,city,state,zipcode,birthDate,gender,email,phone,employed,income,yearsEmployed
98ebb045-8bff-489b-b505-5d990e19904d,Aaron,Brown,0240 Pena Rue Suite 635,East David,Washington,07398,1961-05-12,M,bcrawford@hotmail.com,+1-282-618-2648,False,35000.69,4
847db3bb-893c-4382-a6ea-a9fff0a0e435,Jonathan,Burke,522 Jacqueline Mountain Suite 356,North Garyfort,North Dakota,69248,1983-05-28,F,taylor88@yahoo.com,978.026.8186,False,35000.35,4
e3774c60-a1ea-4293-bdae-5c11fcfd6bed,Alex,Shepherd,3578 Samantha Burgs,New Tamarachester,Louisiana,35628,2003-12-13,M,crobertson@gmail.com,(634)707-9030,False,34999.6,5
fb7cffcf-56a2-4261-8afb-94ef024e92c8,Cheryl,Fowler,550 Chavez Mall,Gilbertside,Oregon,30864,1981-01-03,M,johnny53@pena.biz,864-023-7235,False,35001.03,5
7d224cb3-72ab-4d7e-8727-441e6253aa6e,Ann,Gonzales,384 Joseph Hill,East Davidport,North Carolina,97564,1982-07-19,F,christianwhite@phillips.info,317.738.3622x342,False,34999.66,5
b7ea94aa-3d56-447c-a765-5b8bea80e7e6,Jessica,Phillips,90509 White Terrace,Oliverport,North Carolina,99619,1955-06-23,F,laura90@gmail.com,(373)100-0931,False,35000.79,5
6ba0e67a-5682-4722-bcd5-94441fdfadf5,Jacob,Ford,0353 Jonathan Lane Apt. 148,West Nicholas,Alaska,04965,1969-04-14,F,gregorytrevino@buchanan-griffin.com,447-955-3528,False,34997.63,6
257c837a-ed05-4a7c-8357-281056139cf7,Sarah,Garrison,62578 Estrada Road,New Cassandraland,Tennessee,14858,1984-01-11,F,zwilliams@smith-ho.biz,684.160.1355x619,False,35000.37,5
d359be3a-e3e5-48c0-96d5-0093e900c24f,Lindsey,Erickson,5127 Mitchell Alley Apt. 217,Josephland,Kentucky,67844,1982-07-20,F,patricia43@davis.com,594-377-7382x66289,False,34998.47,6
2e6021d7-fb8a-4ba7-acab-97bb272e4513,Amy,Aguilar,31726 Vincent Spring,Stephenland,California,26136,1974-11-03,M,lee96@miller.info,649.663.0438,False,35000.68,2
a3dc73e4-c910-4f80-a6ee-50678df0e6c5,Lindsay,Jones,9054 Davis Locks Apt. 426,New Michelle,Oregon,49918,2004-01-28,F,david00@oneill.com,7196434129,False,35000.21,5
e88b4ca2-e522-495c-9a7b-3c5f1c04f1ea,Pamela,Hartman,83120 Goodwin Court Apt. 938,Malloryburgh,Wyoming,12101,1951-12-14,M,wbrown@robertson.com,(951)436-2699,False,34999.65,5
127ae3c7-3a5c-4934-b574-844b12e12b17,Toni,Clark,52173 Nicholas Springs,Leslieport,Kentucky,12033,1998-02-26,M,jessejennings@gmail.com,414.759.4630,False,34999.38,5
ec17ed7c-ebc3-48cf-a499-7110d0a8f775,Jessica,Williams,83172 Jessica Mountain,Wintersside,Illinois,35576,1976-11-17,F,xpena@goodman-hardy.com,381.124.2456x248,False,34999.93,4
455d0fde-f17b-4711-b84b-789c6b1f23f1,Amy,Coleman,472 Woods Valley,North Stacey,Washington,77693,2002-10-01,F,jacksonandrew@harris.com,9742743573,False,34998.9,2
5818b34c-75e6-4e0e-bd63-3820615be69e,Amber,Burns,5108 Eric Overpass,Angelicaberg,Utah,09890,2001-11-06,M,wilsonjames@yahoo.com,(567)221-4535x1079,False,35000.0,5
757b73bd-a8e8-4e80-8d6d-c1cff92c4093,Kelly,Davies,2504 Michelle Points,North Shelley,Connecticut,10209,1980-10-23,F,virginia85@cooper.biz,421-101-4381,False,34999.57,7
538e4e1d-0942-4549-8e23-13897180318c,Michael,Davis,3444 Jessica Ville,Dianaberg,South Carolina,47931,1987-07-25,F,jill15@hotmail.com,(767)059-8756,False,34999.6,6
3e7f63bf-db3f-4280-8fd3-aa2259b8ecb2,Daniel,Johnson,0598 Jessica Shore Suite 176,Deleonchester,Iowa,81283,1978-08-02,M,amanda95@gmail.com,001-786-628-8606x650,False,34998.03,5
3ec0de8d-51c8-4ede-b866-d712951ff402,Michele,Wilson,49496 Peter Rapids Apt. 137,West Teresamouth,Georgia,34680,1987-11-29,F,mistysmall@schultz.com,001-448-088-1436x37812,False,35000.31,4
8dfa1152-26d0-448c-a43d-1a8e63cde54d,Brian,Moore,53871 Denise Flats,Longview,Illinois,19262,1954-12-04,M,michael50@gmail.com,751-880-2210x785,False,34999.15,4
a30ebe87-3ef0-4b00-82f3-dee8abf7fa2d,Wendy,Cain,6110 Graham Stravenue,Port Kimburgh,New Hampshire,63233,1956-08-30,M,thompsonjohn@chapman-olson.info,502.165.6510,False,34999.88,3
5308e43d-922a-40df-8ec7-ed49bafce9b3,Denise,Myers,727 Sullivan Drive Suite 623,Chambersfort,Vermont,07208,1995-07-24,F,langscott@johnston.com,+1-134-883-1295x1181,False,35000.51,6
bf96635d-8ef6-4636-814d-13da3d7665e4,Ronald,Smith,3060 Shaun Summit Apt. 025,Parkerfort,Maryland,01394,1992-07-01,F,melissaarmstrong@phillips-taylor.com,000.004.5568x434,False,34999.89,5
d395bc7e-8725-4ab8-950c-e1421a423e4c,Daniel,Allen,130 Julia Trace,Port Loriborough,Minnesota,76916,2001-01-23,F,michaelmack@hotmail.com,001-605-916-2433x154,False,35001.62,4
2265ee86-673c-42a4-8aa1-ef06a22c0965,Jennifer,Rodriguez,67386 Terri Port,Brendanview,California,95560,1971-09-05,F,davidwilliams@burke.com,001-633-337-3665,False,34999.63,5
d8128479-fba1-4da0-b9d4-22b1c1e6245d,Alan,Taylor,40652 Daniel Corners Apt. 303,New Ashleybury,New Hampshire,40153,1966-11-06,M,miguel08@gmail.com,722-763-7299x059,False,35001.28,6
e42a52e7-e90b-4e30-8700-6bdef6a02c15,Taylor,Stevens,3678 Misty Land,Pittsburgh,Wyoming,22365,1996-05-26,M,lwilliams@gill-garrett.com,729.300.2637,False,35000.81,3
c2da6269-3709-40d4-96ce-73f5487e3d23,Stephanie,Spencer,892 Angela Village Apt. 979,Darinfurt,Virginia,42871,1983-07-09,M,ehoffman@yahoo.com,+1-948-844-2446,False,34998.41,3
b654d22f-37f7-4637-830b-d1e88f92fab9,Jacob,Taylor,0793 Sanchez Coves Suite 376,Port Micheletown,Virginia,26444,1994-06-26,M,hallrebecca@gmail.com,311-020-1497,False,34999.61,5
70b66ecb-a4b4-4ab4-ae71-bb17488278e4,Michael,Maldonado,027 Gutierrez Port Apt. 026,Bowersfort,Ohio,53750,2001-09-18,F,ikirby@hotmail.com,(766)681-9981x3605,False,34999.4,5
631f813a-3909-45a2-b1b5-0a82026d6507,Sean,Lowe,1252 Sydney Wells,Aguirreville,Montana,48699,1955-09-09,F,amysmith@hotmail.com,290.958.5138x752,False,35000.15,5
35e26294-af1f-45f8-aaa4-e8c0335c59c6,Angela,Johnson,351 Vanessa Common Suite 598,New Lori,Alaska,24769,2001-06-03,M,erinmcdaniel@vincent.com,001-688-160-8335x1428,False,35000.27,6
3574f5c9-cd01-4801-a66c-0da1dd77bfda,Carla,Huang,5106 Torres Trail Suite 978,Joshuashire,Mississippi,62142,1964-08-28,M,liuashley@bird.com,336-112-1364,False,34999.7,6
9fa13e6e-d545-4766-a618-7b93c6ed7279,David,Ellis,1538 Mcclain Square Suite 775,Samuelview,North Dakota,71101,1964-06-19,F,austin21@gmail.com,001-134-286-9949x806,False,35001.63,5
5bb6f36a-aadc-4589-945d-667c2628aab6,Connie,Cunningham,291 Douglas Bypass,North Bridgettown,Wisconsin,00535,1962-06-29,F,xnunez@mills.com,(978)842-1409x6202,False,34999.91,5
683223f2-2692-4210-9a86-9322bd611661,Ian,Taylor,086 Christopher Spurs Suite 908,East Justin,New Jersey,99363,1980-07-17,M,andrewroach@williams-arroyo.com,(009)656-2299x238,False,35000.49,5
6fd065b6-96b4-4cc5-ac43-cd3f22e2085e,Patricia,Bailey,82795 Weeks Club Apt. 452,Lake Kimberly,Tennessee,07437,2000-11-16,M,gonzalezrobert@west.com,232.325.7251x89721,False,35001.99,6
4ec4c623-9dc1-4b91-b1b9-227f5417e76b,Samantha,Stanley,56686 Salinas Loaf Apt. 868,North Jill,New Jersey,94324,1986-11-06,M,jay84@taylor.com,6642900883,False,34999.36,5
dc6e6139-122b-41fb-865c-fb25059c695f,Samuel,Wright,3223 White Pines,East Davidtown,Nevada,05800,1980-06-25,M,antonio39@gmail.com,1872126649,False,34999.92,4
03b98c52-ed57-40e0-b5a0-d5cbcb0d0ec7,Matthew,Johnson,41081 Roberto Square Suite 723,Chenberg,West Virginia,43373,1995-06-29,M,uvasquez@gmail.com,(298)489-0824,False,35001.04,4
ea7221d0-f899-4b51-8a37-4cc4a01bc6cb,Kathleen,Jenkins,56590 Walker Groves,Port Ann,Connecticut,41958,1967-08-14,F,scottvictor@yahoo.com,(583)634-4251x92467,False,35001.23,4
c3b3ca42-d82d-4828-8f14-bdbbf3e454a7,Dana,Johnson,831 Hunt Unions,Lake Antonio,New Hampshire,75949,2002-05-27,F,hjones@gmail.com,797-144-6024,False,34999.45,4
13e4871e-7333-437d-80ff-65cb563e82cf,Curtis,Day,884 Melissa Radial Suite 742,North David,Missouri,62649,1958-03-01,M,stevensmichael@reyes-lee.net,512.075.7258,False,34999.72,5
56098066-fd00-4483-acd5-5f6ec6513b3f,Christine,Brown,65695 Valencia Mill,Destinyburgh,South Dakota,62947,1964-01-09,F,vasquezwilliam@young.biz,(780)549-7434,False,35000.14,4
bff3943a-1a36-4753-8e27-8563bb479176,Christopher,White,8846 Young Rapids Apt. 904,Port Alexanderburgh,Delaware,27612,1971-12-23,F,sfisher@yahoo.com,(714)959-0357,False,35000.65,5
a0396449-fe2f-4f42-874e-3c570a580cec,William,King,8720 Johnson Crest Apt. 638,Bradleyborough,South Carolina,74462,1978-10-01,F,daniel31@gmail.com,358-876-6674,False,35000.83,6
4ba02ed2-8521-4173-9686-e76aac5e75e6,Christopher,Shelton,965 Rojas Ports,Leeport,Nevada,65776,1968-12-15,M,elizabethmacias@gmail.com,053-442-4977,False,34998.21,6
56e5084c-ea62-4c84-84aa-c34949ae7661,William,Kelly,186 Dylan Ramp Suite 588,West Angelchester,Indiana,02820,2001-02-16,M,kimberlyandrews@doyle-collins.com,+1-684-361-0004,False,35000.86,7
8fcbfe80-8eb7-4cdf-92c5-ee5c55a2606a,Laura,Schneider,5680 Alexander Key,Fraziershire,Hawaii,13272,1975-09-22,M,williamsclifford@yahoo.com,536.167.9229x90840,False,35000.57,6
9140ef14-0b77-475e-956f-d2f24b25cedf,Caitlin,Carlson,3189 Carson Landing,Gomezbury,New York,21605,1999-09-06,M,coledouglas@oneill.com,(477)142-2498,False,35000.39,3
3e2b712c-3b22-4a52-8d00-52b8d4241ad2,Matthew,Wilkins,700 Willis Loop,South Krystal,Wyoming,08926,2002-03-25,F,christophersnow@turner.info,886.543.2359x718,False,34999.83,6
afc10068-c30c-4b1b-ad14-30123598cd96,Jenna,Hernandez,930 Andrew Green Suite 711,Pattersonville,Kentucky,55259,1998-01-16,M,julieshannon@smith.com,001-748-840-2030x1987,False,34998.05,5
3aeb5aaf-0786-4be9-9341-f7167d2a1405,Patrick,Adams,36414 William Village Suite 849,Stonetown,Utah,93185,1975-09-22,M,rgraham@yahoo.com,001-396-267-7519x90109,False,35000.14,5
a210db44-cb8e-477e-9556-13d25c1e2a2f,Mitchell,Holmes,673 Cruz Gateway,New Michael,North Dakota,41388,1982-09-06,M,amberdeleon@hotmail.com,839.425.8247x8576,False,34998.85,2
dedda8ab-d720-416b-87eb-a4412d720d4a,Shane,Gonzalez,446 Irwin Stream,Shawview,New Hampshire,14871,2003-12-01,M,frobinson@rosales.org,280-510-5479,False,35000.17,6
d144b948-ec0a-4bef-9835-fe2c6763a904,Christina,Wheeler,85222 Caitlyn Dale,East Kenneth,Missouri,70845,1960-10-13,F,jenniferaguirre@gmail.com,039.126.5900x24973,False,34998.69,5
ccdc9cb7-805d-46f1-bfaa-1a1e5f3250f0,Adam,Walton,4200 Martinez Point,Jordanmouth,Vermont,45918,1978-12-22,F,charlesschneider@morrison-joseph.com,862.976.1884,False,34998.98,7
7b2a92b4-1aa2-43dc-a205-9809475d05ac,Amanda,Ryan,07876 Michael Crest,New Adamhaven,Arizona,00677,1967-10-28,M,kaylahenderson@jones.com,001-267-479-2838x26006,False,34998.84,5
2a35d173-bff3-47e2-b378-d311f394603f,Donald,Lewis,098 Thomas Knoll Suite 545,New Allison,North Dakota,59582,1983-08-26,M,jacob67@roberson-powell.com,880.135.8893x14412,False,34999.87,6
ae3f7ce7-48a5-4e7b-b0c5-c6d58bee892c,Andrea,Caldwell,047 Phillips Spring Apt. 215,Brianmouth,Tennessee,70638,1961-12-17,F,gpowell@yahoo.com,+1-553-677-3910x6362,False,34998.81,5
cefadae7-7a43-41e7-a8e6-38f6c9738423,Melissa,Matthews,95791 Tammy Shores,Ramirezborough,Oregon,44772,1957-01-24,F,reyessergio@kim.com,(535)124-3443x23368,False,35000.87,3
a242bf9e-a0b2-4de6-950f-0bd30e0652ff,Michelle,Harvey,5053 Ronald Tunnel Apt. 998,North Dawn,Ohio,29924,1989-02-21,F,roberto05@aguilar.com,4345157483,False,34998.19,5
2556b066-ac15-4e9b-b2fd-020e69a24d77,Scott,Cox,651 Brooks Overpass,South Johnview,Washington,01278,1986-08-31,M,hjohnson@sanchez.com,388.140.4201,False,34998.45,4
3f5932ad-c825-45ce-b508-04c83d49673e,Amanda,Vaughn,878 Jonathon Heights,Allenton,Ohio,95415,1959-12-20,F,kevin44@castro.com,328.664.7319x305,False,35000.04,5
3d17e548-057f-44d2-aa08-cfb89d28960d,Nicole,James,986 Joseph Turnpike,Kempmouth,Wisconsin,35654,1993-06-29,F,michael50@castillo-lopez.com,086.963.4839x66930,False,34998.78,7
c520a032-e606-4def-a436-b8e8eb9fe35c,John,Sosa,1350 Ellis Circles Suite 702,Ashleyview,New York,66515,1989-09-16,F,cleach@hotmail.com,(832)350-3109,False,34998.8,6
36ee2d6e-451a-4bd2-a912-d9348b40916f,Joseph,Ortiz,41992 Frazier Cliff,Brycemouth,Oregon,52216,1965-02-14,M,eharris@martin.org,997-201-8961,False,34998.94,5
c65fe5c6-e941-4eb3-87d8-4c2697ef3363,Keith,Clark,638 Heather Street Apt. 429,Georgeburgh,Hawaii,87182,1983-05-12,F,qbrown@bryant.biz,+1-310-999-3930x469,False,34999.82,5
23817a1d-a85f-4dc4-b1e8-ecfb15a39f4a,Micheal,Cox,765 Miller Ridges Suite 648,New Brucehaven,Illinois,80340,1955-03-28,M,christophersimpson@hotmail.com,(835)414-9737x8032,False,34999.39,7
0c6c10b8-96be-489b-94f2-8cbf96cd6b8c,John,Jones,5644 Villegas Knolls Suite 645,New Charles,Idaho,20646,1973-04-03,M,martinthomas@gmail.com,(061)805-1648x94834,False,34999.32,6
4006d065-d4e9-464c-bb01-68b4644c3044,Joseph,Garrett,798 Hunter Ford Apt. 174,South Jessicafort,North Carolina,38608,1961-03-01,M,shari40@hotmail.com,+1-053-571-3543x3554,False,34999.84,5
448dd241-9386-46bb-b20d-5ed8ec78d12a,Jacob,Estrada,86246 Robinson Vista,New Yolanda,Hawaii,60737,2000-05-11,F,canderson@gmail.com,(588)332-1789,False,35001.1,6
58aa0b29-ba24-480e-a423-113b85b6b639,Joshua,Allison,104 Roberto Centers,Perezport,Connecticut,65028,1961-02-15,F,isabelhicks@spencer.info,377.398.3837x270,False,34998.9,6
571940be-3ecf-44c6-8d5b-6936408d5e8a,Adam,Shields,397 Stephanie Estate,New Billy,New York,63844,1960-04-08,F,allentiffany@yahoo.com,+1-809-726-9423x93616,False,34999.23,6
9d75fdd2-911e-43a5-bf78-555d3d28fc7d,Melanie,Greene,0546 Eddie Drives,Reedhaven,Ohio,69889,1970-09-10,F,fcooper@hotmail.com,(559)441-7927x35893,False,35001.89,6
18fa0521-7943-40de-88a8-585e25778658,Shannon,Russell,0903 Nichols Motorway,Tateshire,Alabama,57893,1983-01-03,F,anthonygeorge@hotmail.com,885-695-8815,False,34999.76,5
720c207c-78cb-4959-b4f9-624e12626450,William,Valdez,9393 Becky Spur,Virginiatown,Texas,01804,2000-08-07,F,campbelltammy@hotmail.com,+1-744-032-2583,False,34999.31,6
e36d6686-22cf-4058-8a42-1839f4ae8196,Sandra,Johnson,939 Williams Squares,Diamondland,Virginia,39601,1982-09-26,M,andersonmckenzie@simmons-alvarado.net,(265)181-7224,False,34999.77,7
84c7b598-d123-4f7b-801f-84905ba2c11d,James,Torres,35523 James Drives,Shawville,Texas,18020,1993-02-26,M,lindsaykim@ray-lewis.com,+1-882-809-7294x85032,False,35001.02,5
e6f2cffb-75a5-4917-9355-887ab0a66d21,Stacey,Stanley,96538 Patty Shoal,New Patrick,Texas,68402,1959-09-30,F,douglasadams@yahoo.com,262-278-3986,False,34999.58,5
83bbf5fe-29da-49af-b7f2-32dbefd6b961,William,Bauer,957 Stephen Forge Apt. 234,Jamesview,Florida,54617,1970-11-09,M,garybrown@yahoo.com,+1-636-336-4852,False,35000.4,4
0dcc8dfd-ad2a-431c-b19e-d20cb13ee32d,Chad,Bryant,526 Thornton Ridge Apt. 343,South Dawnbury,Vermont,33933,1994-08-21,F,toddnicholas@peterson.biz,+1-895-390-5616,False,34999.61,3
e24a2ebf-c716-4f8c-b1ef-ba683392e417,Keith,Scott,0832 Eric Trail Apt. 933,North Laurafort,Missouri,21870,1955-05-03,F,stephenlarson@gmail.com,+1-246-948-8659x991,False,34998.45,6
ba18c048-e1c0-4976-9b27-9b89f1f7ddcc,Jessica,Owens,5352 Annette Flat Apt. 512,New Rodney,Wisconsin,37110,1999-10-11,F,nancyking@yahoo.com,2209664192,False,34999.99,6
45728556-ef15-4a8f-ac10-29e04e2a6b74,Matthew,Brown,746 Chandler Mall,Thompsonfort,Illinois,81840,1958-09-18,M,hwheeler@hotmail.com,362-471-4285,False,34998.44,4
551f10be-1777-44b7-b61c-1a7198c4ecc1,Anita,Graham,2076 Jonathan Station,Seanhaven,Delaware,32111,1980-04-10,M,williamsdavid@anderson-cain.net,001-199-484-1762,False,34998.8,6
51301bf0-48dd-466f-90d9-a06c50578f48,Jeanne,Grant,6804 Carroll Roads Apt. 931,Gilmoreside,New York,19205,1963-02-14,M,owensbrett@davis-gordon.com,+1-633-148-3358x51541,False,35000.02,5
373f6d3a-ff8a-4c82-882c-ff599e9f1e01,Amy,Johnson,16819 Carlos Rest,Adamsstad,Colorado,59299,1988-11-01,F,otaylor@sanchez.com,(806)914-7554,False,35001.34,5
b0b4e48b-e200-4f54-be79-c667f5106940,Michael,Cannon,415 Laurie Islands,West Christina,Indiana,24884,1986-07-06,M,zacharyholmes@miller-evans.com,(253)408-5585x2925,False,35001.09,5
6bdaa217-1966-4de4-94ab-77d16e88f210,Jaclyn,Skinner,3591 Patton Island Suite 836,Port Charles,Michigan,82613,1981-06-28,M,kimberly91@hotmail.com,+1-357-943-7083x0051,False,35001.07,5
4e7dfc74-26a1-4f56-8a74-0d8dc0db75fa,John,Manning,966 Justin Skyway,Lake Dawn,New Mexico,98214,1996-06-26,M,tranmichael@webb.com,001-603-359-4716x7316,False,35001.94,6
2109f141-b75b-4ad4-aecd-fa5dab3b390e,Molly,Porter,384 Christina Forges,Brewerchester,Hawaii,92752,1986-01-22,F,alec36@rojas-stanton.biz,268.223.5820,False,35001.49,5
2178cf87-7bee-4772-b9a7-53e91a161315,Stacey,Turner,98899 Bowman Orchard Apt. 430,Port Penny,South Dakota,85527,2001-10-16,F,heather30@williams.com,256-242-4329x54019,False,35000.76,5
ca31540e-f437-4157-8f5f-03e307e06537,Matthew,Wilson,651 Tracie Mountains Apt. 098,Jamesstad,South Carolina,52113,1960-04-09,M,ymoses@gmail.com,+1-325-226-3746x2623,False,35000.49,5
e8c784e8-c73d-4ffa-86a1-0e88a8606120,Christopher,Liu,799 Alexis Street Apt. 040,Ryanshire,Mississippi,11032,1965-12-12,M,theodore30@yahoo.com,531-041-6243,False,34998.86,5
97621513-ec62-4cc0-b6df-79a6906c06da,Matthew,Bryant,362 John Falls Suite 987,West Richardchester,Ohio,80608,1964-04-10,F,rosariojon@gmail.com,044.695.3898,False,35001.3,5
31b16449-2d4e-4a96-bc60-243b44ba2bce,Michael,Hanson,4674 Krystal Mews Apt. 965,Port Katherine,New Hampshire,36110,1983-04-26,F,brianreed@hotmail.com,+1-886-900-5267,False,34997.31,3
5b02b310-bae8-4b4c-b563-08b54f82bd0f,Bryan,Martin,603 Myers Summit,South Sherryborough,Michigan,34987,1966-08-30,F,phyllisbooker@hotmail.com,290-468-0202x9406,False,35000.17,5
1dc14b0b-efef-4378-870f-5f64d03100e0,Brittany,Ortega,17268 Jacobson Meadow Apt. 871,Port Stephaniemouth,Virginia,79065,1954-04-13,M,mcmahonmary@copeland-kemp.net,+1-808-824-4914x1316,False,35000.1,4
